{"cameraMode":{"drawMode":0,"name":"Shaded","section":"Shading Mode"},"sceneLighting":true,"audioPlay":false,"sceneViewState":{"showFog":false,"showMaterialUpdate":false,"showSkybox":false,"showFlares":false,"showImageEffects":false,"showParticleSystems":true},"in2DMode":false,"pivot":{"x":2.4219918251037599,"y":4.369568347930908,"z":9.400390625},"rotation":{"x":0.2804119884967804,"y":0.22702762484550477,"z":-0.06844407320022583,"w":0.930130660533905},"size":12.21338939666748,"orthographic":false}